"Country","Sex","Year","Age group","Mean height","Mean height lower 95% uncertainty interval","Mean height upper 95% uncertainty interval","Mean height standard error"
"Greece","Boys",1985,5,115.3643728,112.3124251,118.4504699,1.573618825
"Greece","Boys",1985,6,121.8792626,119.1689788,124.6312937,1.397458613
"Greece","Boys",1985,7,127.8274948,125.3169523,130.4071119,1.289448589
"Greece","Boys",1985,8,133.3439771,130.9248411,135.7662077,1.221006499
"Greece","Boys",1985,9,138.5636435,136.2688502,140.8684078,1.172090157
"Greece","Boys",1985,10,143.6168316,141.3401548,145.840221,1.135710046
"Greece","Boys",1985,11,148.7176343,146.5221468,150.898241,1.112189988
"Greece","Boys",1985,12,154.4169344,152.2704648,156.6046003,1.107713777
"Greece","Boys",1985,13,160.9575629,158.7830696,163.1650414,1.12616934
"Greece","Boys",1985,14,166.9965045,164.698026,169.2844355,1.17066502
"Greece","Boys",1985,15,171.1727899,168.7758708,173.6274918,1.243866145
"Greece","Boys",1985,16,173.6886625,171.0729878,176.3324399,1.339967812
"Greece","Boys",1985,17,175.0962884,172.2176241,177.9389045,1.447092945
"Greece","Boys",1985,18,175.8112975,172.7082062,178.7913844,1.529476463
"Greece","Boys",1985,19,176.2649235,172.9720659,179.4862565,1.641699301
"Greece","Boys",1986,5,115.415982,112.3632307,118.4932659,1.568900083
"Greece","Boys",1986,6,121.9503724,119.2451842,124.7222136,1.394076327
"Greece","Boys",1986,7,127.9111384,125.4046687,130.4934833,1.287512769
"Greece","Boys",1986,8,133.4419878,131.0413667,135.8693372,1.218757224
"Greece","Boys",1986,9,138.6778279,136.365409,140.9967385,1.169691065
"Greece","Boys",1986,10,143.7535931,141.502292,145.9647711,1.129778112
"Greece","Boys",1986,11,148.8833279,146.7020636,151.0445721,1.100344796
"Greece","Boys",1986,12,154.615954,152.4743462,156.7356881,1.085268836
"Greece","Boys",1986,13,161.1865046,159.0628076,163.3087703,1.088386635
"Greece","Boys",1986,14,167.239585,165.0412725,169.4265437,1.113443613
"Greece","Boys",1986,15,171.4221401,169.1715668,173.7039726,1.162738321
"Greece","Boys",1986,16,173.9312693,171.5183058,176.3407626,1.236957517
"Greece","Boys",1986,17,175.3273443,172.7293344,177.9487115,1.322999392
"Greece","Boys",1986,18,176.0266239,173.2428588,178.7346317,1.382770779
"Greece","Boys",1986,19,176.471695,173.5161013,179.3394486,1.4763768
"Greece","Boys",1987,5,115.4350753,112.3816466,118.4970521,1.563067973
"Greece","Boys",1987,6,122.0019816,119.3007688,124.7498642,1.387194549
"Greece","Boys",1987,7,127.9822482,125.480099,130.5541693,1.282085925
"Greece","Boys",1987,8,133.5256314,131.1462197,135.9495657,1.214925901
"Greece","Boys",1987,9,138.7758387,136.4521392,141.0983323,1.165428851
"Greece","Boys",1987,10,143.8677775,141.6030174,146.0842018,1.125241641
"Greece","Boys",1987,11,149.0200894,146.8440078,151.1562066,1.092093823
"Greece","Boys",1987,12,154.7816475,152.6559585,156.8617071,1.070882703
"Greece","Boys",1987,13,161.3855242,159.2661821,163.4649231,1.063005647
"Greece","Boys",1987,14,167.4685267,165.372823,169.5631428,1.072636039
"Greece","Boys",1987,15,171.6652206,169.5132342,173.8355005,1.102422492
"Greece","Boys",1987,16,174.1806194,171.9193825,176.4415211,1.152715176
"Greece","Boys",1987,17,175.569951,173.1923704,177.9939479,1.216650569
"Greece","Boys",1987,18,176.2576797,173.7713348,178.7261569,1.252770853
"Greece","Boys",1987,19,176.6870214,174.0600315,179.3059518,1.326881171
"Greece","Boys",1988,5,115.4200049,112.366765,118.4872329,1.552204027
"Greece","Boys",1988,6,122.0210749,119.3132252,124.7359689,1.37860137
"Greece","Boys",1988,7,128.0338575,125.544755,130.5436209,1.272878719
"Greece","Boys",1988,8,133.5967412,131.2258258,136.0130445,1.207322904
"Greece","Boys",1988,9,138.8594823,136.5552895,141.132084,1.159565665
"Greece","Boys",1988,10,143.9657882,141.7193363,146.1423866,1.11889764
"Greece","Boys",1988,11,149.1342738,146.9735635,151.264829,1.08537049
"Greece","Boys",1988,12,154.918409,152.8218737,156.9715655,1.060208625
"Greece","Boys",1988,13,161.5512178,159.4565201,163.5928764,1.045900839
"Greece","Boys",1988,14,167.6675463,165.5881254,169.7313355,1.044202949
"Greece","Boys",1988,15,171.8941623,169.8234748,173.9629891,1.05858544
"Greece","Boys",1988,16,174.4236999,172.2991243,176.5380365,1.089320332
"Greece","Boys",1988,17,175.8193012,173.6012307,178.0630273,1.12896361
"Greece","Boys",1988,18,176.5002865,174.2609971,178.7247667,1.140642459
"Greece","Boys",1988,19,176.9180773,174.5794141,179.2788848,1.194893991
"Greece","Boys",1989,5,115.369823,112.3043306,118.4290119,1.53885748
"Greece","Boys",1989,6,122.0060044,119.3481378,124.6900449,1.36444492
"Greece","Boys",1989,7,128.0529507,125.5982667,130.5345906,1.261488945
"Greece","Boys",1989,8,133.6483504,131.2845891,136.0025054,1.195751785
"Greece","Boys",1989,9,138.9305921,136.6194814,141.2026525,1.149773236
"Greece","Boys",1989,10,144.0494319,141.8181857,146.2014718,1.11096245
"Greece","Boys",1989,11,149.2322845,147.0791933,151.3145594,1.076909157
"Greece","Boys",1989,12,155.0325934,152.9489158,157.0983154,1.051205927
"Greece","Boys",1989,13,161.6879793,159.65127,163.6860386,1.032612716
"Greece","Boys",1989,14,167.8332399,165.7914157,169.8439568,1.024268979
"Greece","Boys",1989,15,172.0931819,170.0590109,174.0915247,1.027084968
"Greece","Boys",1989,16,174.6526417,172.6017292,176.6794959,1.042552037
"Greece","Boys",1989,17,176.0623817,173.9610338,178.1502816,1.062406259
"Greece","Boys",1989,18,176.7496367,174.6582003,178.7905392,1.047807823
"Greece","Boys",1989,19,177.160684,175.0051311,179.2999876,1.081724753
"Greece","Boys",1990,5,115.2925418,112.2469697,118.2957257,1.521701253
"Greece","Boys",1990,6,121.9558226,119.2936939,124.6223992,1.347150057
"Greece","Boys",1990,7,128.0378803,125.5973627,130.4837737,1.244219593
"Greece","Boys",1990,8,133.6674437,131.3169962,135.991507,1.181657616
"Greece","Boys",1990,9,138.9822013,136.6921418,141.2211979,1.13585489
"Greece","Boys",1990,10,144.1205417,141.9102441,146.2562197,1.099064168
"Greece","Boys",1990,11,149.3159282,147.160121,151.3671416,1.066929396
"Greece","Boys",1990,12,155.1306042,153.0674896,157.1475793,1.040570178
"Greece","Boys",1990,13,161.8021637,159.7925623,163.789676,1.021172593
"Greece","Boys",1990,14,167.9700014,166.0066246,169.9338941,1.008227723
"Greece","Boys",1990,15,172.2588755,170.2744176,174.2248319,1.004353326
"Greece","Boys",1990,16,174.8516613,172.8657287,176.8138034,1.00819427
"Greece","Boys",1990,17,176.2913234,174.2950558,178.2828792,1.01289045
"Greece","Boys",1990,18,176.9927171,175.0816859,178.8913126,0.977244371
"Greece","Boys",1990,19,177.4100342,175.4457933,179.397498,0.98956212
"Greece","Boys",1991,5,115.195467,112.175742,118.1718809,1.503007047
"Greece","Boys",1991,6,121.8785413,119.2349319,124.5446373,1.325599003
"Greece","Boys",1991,7,127.9876984,125.5719574,130.4212989,1.223279512
"Greece","Boys",1991,8,133.6523733,131.3568825,135.9403335,1.161523033
"Greece","Boys",1991,9,139.0012946,136.7740039,141.1806829,1.11916451
"Greece","Boys",1991,10,144.1721509,142.0028467,146.2707126,1.082854898
"Greece","Boys",1991,11,149.3870379,147.2739697,151.4055376,1.05308742
"Greece","Boys",1991,12,155.2142478,153.1848544,157.183429,1.028478256
"Greece","Boys",1991,13,161.9001745,159.9273648,163.866391,1.008252757
"Greece","Boys",1991,14,168.0841858,166.1423042,170.0191514,0.994226762
"Greece","Boys",1991,15,172.395637,170.4678678,174.3103226,0.985547586
"Greece","Boys",1991,16,175.0173548,173.1042414,176.9127384,0.982941249
"Greece","Boys",1991,17,176.490343,174.5671952,178.3772348,0.976166005
"Greece","Boys",1991,18,177.2216589,175.3742803,179.0110558,0.925243594
"Greece","Boys",1991,19,177.6531147,175.781693,179.5021948,0.921418283
"Greece","Boys",1992,5,115.0818707,112.1167221,118.0255907,1.481717535
"Greece","Boys",1992,6,121.7814666,119.1991932,124.3898241,1.301929509
"Greece","Boys",1992,7,127.9104172,125.5430016,130.3082938,1.197792601
"Greece","Boys",1992,8,133.6021914,131.3442991,135.8460424,1.137312093
"Greece","Boys",1992,9,138.9862242,136.814683,141.1239768,1.09634031
"Greece","Boys",1992,10,144.1912442,142.073926,146.2691931,1.063661294
"Greece","Boys",1992,11,149.4386472,147.3678451,151.426086,1.03470412
"Greece","Boys",1992,12,155.2853576,153.2609189,157.2439964,1.012725464
"Greece","Boys",1992,13,161.9838181,160.0183815,163.9057429,0.993852216
"Greece","Boys",1992,14,168.1821965,166.2665036,170.0802536,0.978913089
"Greece","Boys",1992,15,172.5098214,170.608716,174.392267,0.968974932
"Greece","Boys",1992,16,175.1541163,173.2847372,177.0391113,0.961652088
"Greece","Boys",1992,17,176.6560366,174.8046845,178.5033984,0.949041817
"Greece","Boys",1992,18,177.4206785,175.6758058,179.1469976,0.887299891
"Greece","Boys",1992,19,177.8820564,176.1188097,179.6146257,0.873504232
"Greece","Boys",1993,5,114.9660404,112.0631158,117.8657927,1.458112284
"Greece","Boys",1993,6,121.6678702,119.1115907,124.21418,1.275612818
"Greece","Boys",1993,7,127.8133424,125.5052532,130.1081003,1.169695781
"Greece","Boys",1993,8,133.5249102,131.3217265,135.699291,1.108407135
"Greece","Boys",1993,9,138.9360423,136.8333366,141.020019,1.069121309
"Greece","Boys",1993,10,144.1761737,142.1075153,146.1845679,1.038231469
"Greece","Boys",1993,11,149.4577404,147.4427001,151.42491,1.01312494
"Greece","Boys",1993,12,155.3369668,153.3722083,157.2561302,0.992229525
"Greece","Boys",1993,13,162.0549279,160.1295757,163.9471941,0.976023385
"Greece","Boys",1993,14,168.2658402,166.3653553,170.1420727,0.962107664
"Greece","Boys",1993,15,172.6078322,170.7723363,174.4523741,0.951225051
"Greece","Boys",1993,16,175.2683007,173.4313586,177.0952211,0.942827482
"Greece","Boys",1993,17,176.7927981,174.9880911,178.6075913,0.926070081
"Greece","Boys",1993,18,177.586372,175.9009746,179.2585195,0.860084025
"Greece","Boys",1993,19,178.081076,176.4009912,179.713042,0.840897124
"Greece","Boys",1994,5,114.8633045,111.9951961,117.7066369,1.433802021
"Greece","Boys",1994,6,121.55204,119.070394,124.0543648,1.246759174
"Greece","Boys",1994,7,127.6997461,125.4434168,129.9260255,1.138987945
"Greece","Boys",1994,8,133.4278354,131.2822565,135.5190696,1.076533532
"Greece","Boys",1994,9,138.858761,136.8200915,140.8696752,1.037164403
"Greece","Boys",1994,10,144.1259919,142.1382714,146.0891404,1.008125818
"Greece","Boys",1994,11,149.44267,147.5066666,151.354125,0.985173966
"Greece","Boys",1994,12,155.3560601,153.452357,157.2528451,0.968353368
"Greece","Boys",1994,13,162.1065371,160.2157042,163.952628,0.953343254
"Greece","Boys",1994,14,168.3369499,166.4775634,170.1840003,0.942070898
"Greece","Boys",1994,15,172.6914758,170.877175,174.4995891,0.932099131
"Greece","Boys",1994,16,175.3663115,173.5792971,177.1717013,0.922906353
"Greece","Boys",1994,17,176.9069825,175.1560742,178.6922398,0.905904191
"Greece","Boys",1994,18,177.7231336,176.0837086,179.3654638,0.838004627
"Greece","Boys",1994,19,178.2467696,176.6091962,179.8375821,0.820055174
"Greece","Boys",1995,5,114.786125,111.9798862,117.5579107,1.411830284
"Greece","Boys",1995,6,121.4493041,119.0285924,123.8841342,1.216865209
"Greece","Boys",1995,7,127.5839158,125.3751308,129.7735919,1.105656009
"Greece","Boys",1995,8,133.3142391,131.2619719,135.3091256,1.042151951
"Greece","Boys",1995,9,138.7616863,136.773718,140.6699272,1.002013513
"Greece","Boys",1995,10,144.0487106,142.1258571,145.9390917,0.973308094
"Greece","Boys",1995,11,149.3924882,147.521809,151.2429389,0.952285539
"Greece","Boys",1995,12,155.3409897,153.5310575,157.1766218,0.938011133
"Greece","Boys",1995,13,162.1256304,160.2948902,163.9581494,0.927145953
"Greece","Boys",1995,14,168.3885592,166.5717526,170.1829702,0.917148579
"Greece","Boys",1995,15,172.7625856,170.974708,174.5295719,0.90984681
"Greece","Boys",1995,16,175.4499551,173.7114759,177.2115451,0.90178039
"Greece","Boys",1995,17,177.0049932,175.3064634,178.7520759,0.8847224
"Greece","Boys",1995,18,177.837318,176.2445382,179.4503193,0.819486221
"Greece","Boys",1995,19,178.3835311,176.775765,179.9452396,0.805890575
"Greece","Boys",1996,5,114.7378905,111.9901663,117.4469014,1.388671982
"Greece","Boys",1996,6,121.3721246,119.0255272,123.7326984,1.18940824
"Greece","Boys",1996,7,127.48118,125.3513362,129.6013385,1.071036793
"Greece","Boys",1996,8,133.1984088,131.2322941,135.1422422,1.005199527
"Greece","Boys",1996,9,138.6480899,136.7322563,140.5017484,0.964488426
"Greece","Boys",1996,10,143.9516359,142.1001604,145.7580421,0.935190488
"Greece","Boys",1996,11,149.3152069,147.5032001,151.0867595,0.91478656
"Greece","Boys",1996,12,155.2908078,153.5347754,157.0472176,0.902540436
"Greece","Boys",1996,13,162.11056,160.3576874,163.853651,0.894499449
"Greece","Boys",1996,14,168.4076524,166.6590401,170.1692166,0.888600056
"Greece","Boys",1996,15,172.8141948,171.0857459,174.5387605,0.882732366
"Greece","Boys",1996,16,175.5210649,173.8349231,177.2629095,0.877537419
"Greece","Boys",1996,17,177.0886369,175.4330061,178.7813688,0.862484798
"Greece","Boys",1996,18,177.9353287,176.3974922,179.5011563,0.800461017
"Greece","Boys",1996,19,178.4977155,176.916,180.0709581,0.795794731
"Greece","Boys",1997,5,114.7217028,112.0536376,117.3788272,1.363621614
"Greece","Boys",1997,6,121.3238901,119.0404745,123.6340598,1.161324529
"Greece","Boys",1997,7,127.4040005,125.3522181,129.4560861,1.038985043
"Greece","Boys",1997,8,133.0956729,131.1798047,134.9698207,0.966852648
"Greece","Boys",1997,9,138.5322597,136.7144204,140.3241351,0.924557416
"Greece","Boys",1997,10,143.8380395,142.0832195,145.5673115,0.89483229
"Greece","Boys",1997,11,149.2181322,147.4988646,150.9229495,0.874010244
"Greece","Boys",1997,12,155.2135266,153.5231759,156.8747687,0.862687309
"Greece","Boys",1997,13,162.0603781,160.3762594,163.6962964,0.856661256
"Greece","Boys",1997,14,168.392582,166.722223,170.0664644,0.853764147
"Greece","Boys",1997,15,172.8332881,171.160241,174.5119916,0.851900201
"Greece","Boys",1997,16,175.5726741,173.9371825,177.2319241,0.848628381
"Greece","Boys",1997,17,177.1597467,175.5425196,178.8302816,0.837082229
"Greece","Boys",1997,18,178.0189723,176.5276108,179.5502305,0.780598008
"Greece","Boys",1997,19,178.5957263,177.0834392,180.1163099,0.786238748
"Greece","Boys",1998,5,114.7355322,112.113978,117.3378849,1.334954656
"Greece","Boys",1998,6,121.3077024,119.0757472,123.5614302,1.131411569
"Greece","Boys",1998,7,127.355766,125.3705908,129.3480862,1.006960152
"Greece","Boys",1998,8,133.0184934,131.1993178,134.8166944,0.931315253
"Greece","Boys",1998,9,138.4295238,136.6982386,140.1169627,0.883268828
"Greece","Boys",1998,10,143.7222093,142.0550799,145.3594527,0.85231022
"Greece","Boys",1998,11,149.1045358,147.4898992,150.7213767,0.831135288
"Greece","Boys",1998,12,155.1164518,153.5029408,156.6940406,0.819740973
"Greece","Boys",1998,13,161.9830968,160.3876104,163.5446903,0.814817269
"Greece","Boys",1998,14,168.3424002,166.7336016,169.9241754,0.813903978
"Greece","Boys",1998,15,172.8182176,171.2311921,174.4095372,0.815112991
"Greece","Boys",1998,16,175.5917674,174.0125397,177.2013815,0.816018954
"Greece","Boys",1998,17,177.2113559,175.644173,178.8179115,0.807474997
"Greece","Boys",1998,18,178.0900821,176.6297198,179.5555793,0.757644813
"Greece","Boys",1998,19,178.6793699,177.1706851,180.1770113,0.776917786
"Greece","Boys",1999,5,114.7743386,112.2105813,117.3288744,1.302787308
"Greece","Boys",1999,6,121.3215318,119.1414568,123.4688485,1.09764841
"Greece","Boys",1999,7,127.3395783,125.4332252,129.2689806,0.973374873
"Greece","Boys",1999,8,132.9702589,131.2078253,134.7110399,0.896526834
"Greece","Boys",1999,9,138.3523443,136.6980382,139.9613507,0.845202331
"Greece","Boys",1999,10,143.6194734,142.0327426,145.165605,0.808591688
"Greece","Boys",1999,11,148.9887056,147.4546648,150.5107751,0.786419055
"Greece","Boys",1999,12,155.0028555,153.4748518,156.4909147,0.774925143
"Greece","Boys",1999,13,161.8860221,160.3660501,163.3470138,0.770238426
"Greece","Boys",1999,14,168.2651189,166.7409154,169.7224957,0.770523786
"Greece","Boys",1999,15,172.7680358,171.2282705,174.2750912,0.773820688
"Greece","Boys",1999,16,175.576697,174.0613114,177.0991476,0.777995943
"Greece","Boys",1999,17,177.2304492,175.7252413,178.7843223,0.774464087
"Greece","Boys",1999,18,178.1416914,176.7224999,179.5631802,0.731079894
"Greece","Boys",1999,19,178.7504797,177.2488132,180.2253097,0.764948097
"Greece","Boys",2000,5,114.8565602,112.3806374,117.3038919,1.266903624
"Greece","Boys",2000,6,121.3603382,119.2463124,123.4255466,1.060736286
"Greece","Boys",2000,7,127.3534076,125.4999076,129.1842309,0.935962246
"Greece","Boys",2000,8,132.9540712,131.2748549,134.6140587,0.860679575
"Greece","Boys",2000,9,138.3041098,136.7180275,139.8498199,0.80865862
"Greece","Boys",2000,10,143.5422939,142.0341893,145.038969,0.768712051
"Greece","Boys",2000,11,148.8859697,147.4314425,150.3333398,0.740802444
"Greece","Boys",2000,12,154.8870252,153.473573,156.3045155,0.728739141
"Greece","Boys",2000,13,161.7724257,160.3408868,163.1628561,0.72419755
"Greece","Boys",2000,14,168.1680442,166.7170141,169.5361482,0.724965936
"Greece","Boys",2000,15,172.6907545,171.2387777,174.0847356,0.729596078
"Greece","Boys",2000,16,175.5265151,174.077847,176.9612511,0.736448032
"Greece","Boys",2000,17,177.2153787,175.7872988,178.6983803,0.736754974
"Greece","Boys",2000,18,178.1607846,176.7818143,179.5395485,0.702116145
"Greece","Boys",2000,19,178.8020889,177.3249947,180.2500058,0.750604613
"Greece","Boys",2001,5,114.9846812,112.6172462,117.3576877,1.229474945
"Greece","Boys",2001,6,121.4425598,119.4320935,123.4416803,1.020131885
"Greece","Boys",2001,7,127.3922141,125.6207081,129.1103374,0.895862374
"Greece","Boys",2001,8,132.9679006,131.3774346,134.5522507,0.821315367
"Greece","Boys",2001,9,138.2879221,136.7720822,139.7670274,0.771777897
"Greece","Boys",2001,10,143.4940594,142.0618261,144.9169462,0.731180116
"Greece","Boys",2001,11,148.8087902,147.4340454,150.1870033,0.699878841
"Greece","Boys",2001,12,154.7842893,153.4391356,156.1131192,0.682170208
"Greece","Boys",2001,13,161.6565955,160.3184682,162.9735,0.677466807
"Greece","Boys",2001,14,168.0544478,166.705914,169.3580581,0.678673648
"Greece","Boys",2001,15,172.5936798,171.2262219,173.9138517,0.68400569
"Greece","Boys",2001,16,175.4492339,174.0783549,176.7849905,0.692901255
"Greece","Boys",2001,17,177.1651969,175.7950817,178.5704404,0.69700277
"Greece","Boys",2001,18,178.1457142,176.8283627,179.4467622,0.668990795
"Greece","Boys",2001,19,178.8211822,177.3908315,180.2390102,0.736450299
"Greece","Boys",2002,5,115.1816431,112.8672714,117.4996292,1.191539288
"Greece","Boys",2002,6,121.5706808,119.6647631,123.4914163,0.977805977
"Greece","Boys",2002,7,127.4744357,125.764063,129.1245763,0.852375983
"Greece","Boys",2002,8,133.006707,131.4758337,134.4941273,0.779860622
"Greece","Boys",2002,9,138.3017515,136.8894031,139.7186695,0.731928264
"Greece","Boys",2002,10,143.4778717,142.1089988,144.8422878,0.69423491
"Greece","Boys",2002,11,148.7605557,147.4543946,150.0709028,0.662201174
"Greece","Boys",2002,12,154.7071098,153.4315817,155.9769086,0.641454413
"Greece","Boys",2002,13,161.5538596,160.2961459,162.7918252,0.631175565
"Greece","Boys",2002,14,167.9386176,166.6816311,169.1628923,0.632639091
"Greece","Boys",2002,15,172.4800834,171.2062839,173.7321583,0.638848114
"Greece","Boys",2002,16,175.3521591,174.0579946,176.6194574,0.649236807
"Greece","Boys",2002,17,177.0879156,175.8157065,178.3951969,0.656787969
"Greece","Boys",2002,18,178.0955323,176.8484257,179.3421193,0.635659671
"Greece","Boys",2002,19,178.8061118,177.4093927,180.2031795,0.719003863
"Greece","Boys",2003,5,115.4234859,113.1792781,117.6626284,1.154222705
"Greece","Boys",2003,6,121.7676426,119.9290994,123.5918144,0.935025362
"Greece","Boys",2003,7,127.6025566,125.9915041,129.1893679,0.807153875
"Greece","Boys",2003,8,133.0889286,131.6522501,134.510948,0.735633343
"Greece","Boys",2003,9,138.3405579,136.9929029,139.6689888,0.690735925
"Greece","Boys",2003,10,143.4917011,142.2242226,144.7768414,0.655028842
"Greece","Boys",2003,11,148.744368,147.5053138,149.9968804,0.626242355
"Greece","Boys",2003,12,154.6588753,153.4495982,155.8594085,0.604983729
"Greece","Boys",2003,13,161.4766801,160.2833654,162.6457427,0.592263944
"Greece","Boys",2003,14,167.8358817,166.6851478,169.0059203,0.588247886
"Greece","Boys",2003,15,172.3642532,171.182873,173.53624,0.595199367
"Greece","Boys",2003,16,175.2385628,174.0291125,176.4391466,0.607496859
"Greece","Boys",2003,17,176.9908409,175.7676666,178.2024898,0.618305254
"Greece","Boys",2003,18,178.0182511,176.8335561,179.198508,0.604115194
"Greece","Boys",2003,19,178.7559299,177.3977293,180.1274711,0.702940968
"Greece","Boys",2004,5,115.6629732,113.4612805,117.8316824,1.117236047
"Greece","Boys",2004,6,122.0094854,120.250912,123.7547195,0.893351897
"Greece","Boys",2004,7,127.7995185,126.2889934,129.319229,0.761774899
"Greece","Boys",2004,8,133.2170496,131.8802411,134.56967,0.689986721
"Greece","Boys",2004,9,138.4227795,137.1479772,139.6950137,0.6476104
"Greece","Boys",2004,10,143.5305075,142.3308499,144.7334782,0.615431725
"Greece","Boys",2004,11,148.7581974,147.6068703,149.9321225,0.588894769
"Greece","Boys",2004,12,154.6426876,153.5206966,155.782962,0.571559957
"Greece","Boys",2004,13,161.4284456,160.3081441,162.5294146,0.558698481
"Greece","Boys",2004,14,167.7587022,166.6645095,168.8503441,0.553078349
"Greece","Boys",2004,15,172.2615173,171.1560844,173.360235,0.554796272
"Greece","Boys",2004,16,175.1227325,173.9863321,176.2516117,0.568748274
"Greece","Boys",2004,17,176.8772445,175.7052099,178.0370017,0.583332126
"Greece","Boys",2004,18,177.9211763,176.8049555,179.0614683,0.576892106
"Greece","Boys",2004,19,178.6786486,177.3515011,180.0458464,0.690123259
"Greece","Boys",2005,5,115.8736763,113.7731042,117.962799,1.080534103
"Greece","Boys",2005,6,122.2489728,120.5891733,123.9149444,0.853158561
"Greece","Boys",2005,7,128.0413613,126.6178421,129.4786173,0.718241148
"Greece","Boys",2005,8,133.4140115,132.1454223,134.6902876,0.644938845
"Greece","Boys",2005,9,138.5509005,137.3728842,139.7512262,0.603790457
"Greece","Boys",2005,10,143.6127291,142.4913512,144.7483625,0.574838944
"Greece","Boys",2005,11,148.7970038,147.7088684,149.8807501,0.552424366
"Greece","Boys",2005,12,154.656517,153.5897172,155.7270033,0.537987071
"Greece","Boys",2005,13,161.4122579,160.3730378,162.4564969,0.529613721
"Greece","Boys",2005,14,167.7104677,166.6630404,168.7468016,0.524385469
"Greece","Boys",2005,15,172.1843378,171.1421964,173.244768,0.52555353
"Greece","Boys",2005,16,175.0199966,173.9445202,176.0907546,0.535028859
"Greece","Boys",2005,17,176.7614143,175.6556279,177.8491119,0.552699983
"Greece","Boys",2005,18,177.80758,176.7262655,178.8963304,0.554895514
"Greece","Boys",2005,19,178.5815739,177.2657523,179.9485577,0.682720584
"Greece","Boys",2006,5,116.0365725,114.0156609,118.070031,1.043892181
"Greece","Boys",2006,6,122.4596759,120.8744137,124.0431424,0.814401573
"Greece","Boys",2006,7,128.2808487,126.9491436,129.6340869,0.677771856
"Greece","Boys",2006,8,133.6558543,132.4790396,134.8599027,0.602929442
"Greece","Boys",2006,9,138.7478623,137.6550006,139.849223,0.561883731
"Greece","Boys",2006,10,143.7408501,142.6951683,144.7891331,0.534712796
"Greece","Boys",2006,11,148.8792254,147.8570838,149.879728,0.515968087
"Greece","Boys",2006,12,154.6953234,153.701002,155.6897816,0.506827054
"Greece","Boys",2006,13,161.4260873,160.4420791,162.420309,0.502076389
"Greece","Boys",2006,14,167.69428,166.7061944,168.6849249,0.501548066
"Greece","Boys",2006,15,172.1361033,171.1485934,173.1365905,0.503759602
"Greece","Boys",2006,16,174.9428171,173.9289873,175.9604849,0.513913945
"Greece","Boys",2006,17,176.6586784,175.5898425,177.7138257,0.528596775
"Greece","Boys",2006,18,177.6917497,176.6364195,178.7404812,0.537357333
"Greece","Boys",2006,19,178.4679775,177.1532787,179.8466279,0.680410458
"Greece","Boys",2007,5,116.1688572,114.2247854,118.1355623,1.00589832
"Greece","Boys",2007,6,122.6225721,121.1243627,124.126108,0.776563299
"Greece","Boys",2007,7,128.4915518,127.2325004,129.7703559,0.640487066
"Greece","Boys",2007,8,133.8953416,132.7965325,135.0317618,0.566111617
"Greece","Boys",2007,9,138.9897051,137.9670503,140.0219366,0.5247523
"Greece","Boys",2007,10,143.9378119,142.9468745,144.9036771,0.49837672
"Greece","Boys",2007,11,149.0073464,148.0465735,149.9522188,0.481636968
"Greece","Boys",2007,12,154.777545,153.8359542,155.7039527,0.476981471
"Greece","Boys",2007,13,161.4648937,160.5240596,162.3915262,0.478481885
"Greece","Boys",2007,14,167.7081094,166.7698042,168.6713321,0.481992034
"Greece","Boys",2007,15,172.1199156,171.1556602,173.0842931,0.488838595
"Greece","Boys",2007,16,174.8945826,173.9159847,175.8937973,0.500737705
"Greece","Boys",2007,17,176.5814989,175.5700447,177.6094234,0.517333176
"Greece","Boys",2007,18,177.5890139,176.5566004,178.6207535,0.527142593
"Greece","Boys",2007,19,178.3521473,177.0436063,179.7076893,0.679560219
"Greece","Boys",2008,5,116.2479711,114.3703862,118.1351739,0.965718248
"Greece","Boys",2008,6,122.7548568,121.2992952,124.2017669,0.73889477
"Greece","Boys",2008,7,128.654448,127.4825049,129.8401732,0.605504277
"Greece","Boys",2008,8,134.1060447,133.0723163,135.173283,0.534945697
"Greece","Boys",2008,9,139.2291925,138.2747204,140.2115775,0.495372654
"Greece","Boys",2008,10,144.1796547,143.2422729,145.1022733,0.469032384
"Greece","Boys",2008,11,149.2043082,148.3023875,150.0865935,0.453460884
"Greece","Boys",2008,12,154.905666,154.0107509,155.7902712,0.451297007
"Greece","Boys",2008,13,161.5471153,160.6446239,162.4491475,0.457810264
"Greece","Boys",2008,14,167.7469158,166.8333166,168.6687973,0.467603134
"Greece","Boys",2008,15,172.133745,171.1924116,173.092919,0.478365047
"Greece","Boys",2008,16,174.8783949,173.9160265,175.8753918,0.494681117
"Greece","Boys",2008,17,176.5332644,175.5343335,177.5577201,0.513737486
"Greece","Boys",2008,18,177.5118343,176.4837819,178.5572429,0.528231616
"Greece","Boys",2008,19,178.2494114,176.9343896,179.5990735,0.683526331
"Greece","Boys",2009,5,116.2997682,114.4841159,118.1073532,0.92460073
"Greece","Boys",2009,6,122.8339707,121.4437271,124.2025368,0.701257118
"Greece","Boys",2009,7,128.7867326,127.6651098,129.9215316,0.573279806
"Greece","Boys",2009,8,134.2689409,133.2888511,135.2644254,0.508088943
"Greece","Boys",2009,9,139.4398956,138.5171455,140.3789925,0.474533731
"Greece","Boys",2009,10,144.4191421,143.5389357,145.3117803,0.450080534
"Greece","Boys",2009,11,149.446151,148.583016,150.3000312,0.434677336
"Greece","Boys",2009,12,155.1026279,154.2321131,155.9411694,0.434126185
"Greece","Boys",2009,13,161.6752363,160.7931566,162.5445293,0.443210862
"Greece","Boys",2009,14,167.8291374,166.9361464,168.7278423,0.457525581
"Greece","Boys",2009,15,172.1725514,171.2492275,173.0979992,0.473709758
"Greece","Boys",2009,16,174.8922243,173.9450486,175.8801481,0.493498008
"Greece","Boys",2009,17,176.5170767,175.5107606,177.5363729,0.516549356
"Greece","Boys",2009,18,177.4635999,176.4128839,178.5262272,0.535767907
"Greece","Boys",2009,19,178.1722319,176.8240791,179.5550484,0.69400807
"Greece","Boys",2010,5,116.3450028,114.6200768,118.0771025,0.884970677
"Greece","Boys",2010,6,122.8857678,121.5705878,124.1869291,0.664834949
"Greece","Boys",2010,7,128.8658465,127.7944093,129.9409348,0.544567013
"Greece","Boys",2010,8,134.4012256,133.4472813,135.3687767,0.487446335
"Greece","Boys",2010,9,139.6027918,138.7235759,140.4919149,0.460116586
"Greece","Boys",2010,10,144.6298452,143.7701881,145.4893224,0.442316212
"Greece","Boys",2010,11,149.6856384,148.8520469,150.511825,0.42830276
"Greece","Boys",2010,12,155.3444707,154.4967661,156.1761247,0.42806887
"Greece","Boys",2010,13,161.8721981,161.0122428,162.727263,0.438590745
"Greece","Boys",2010,14,167.9572584,167.0696311,168.8565346,0.454856878
"Greece","Boys",2010,15,172.254773,171.319932,173.193786,0.474065933
"Greece","Boys",2010,16,174.9310307,173.9613805,175.9257006,0.498107009
"Greece","Boys",2010,17,176.5309061,175.5235052,177.5711831,0.523885377
"Greece","Boys",2010,18,177.4474122,176.3768893,178.521393,0.54799694
"Greece","Boys",2010,19,178.1239974,176.7615787,179.5427134,0.708187525
"Greece","Boys",2011,5,116.3948867,114.7388313,118.0360089,0.847878692
"Greece","Boys",2011,6,122.9310024,121.6845231,124.1821248,0.633020213
"Greece","Boys",2011,7,128.9176436,127.8911482,129.9463686,0.520651991
"Greece","Boys",2011,8,134.4803395,133.5512433,135.4214586,0.474298907
"Greece","Boys",2011,9,139.7350765,138.8650606,140.6250244,0.454927254
"Greece","Boys",2011,10,144.7927414,143.9484698,145.6461802,0.442340568
"Greece","Boys",2011,11,149.8963415,149.0806898,150.7402741,0.434632317
"Greece","Boys",2011,12,155.583958,154.7401843,156.43866,0.4347272
"Greece","Boys",2011,13,162.1140409,161.2390202,162.9907958,0.445325573
"Greece","Boys",2011,14,168.1542202,167.251503,169.0648177,0.462155397
"Greece","Boys",2011,15,172.382894,171.4577343,173.3442855,0.482458805
"Greece","Boys",2011,16,175.0132523,174.025085,176.0210771,0.507882471
"Greece","Boys",2011,17,176.5697125,175.5487923,177.6242774,0.536482077
"Greece","Boys",2011,18,177.4612415,176.3698489,178.5793583,0.562758792
"Greece","Boys",2011,19,178.1078097,176.7339273,179.5577412,0.724913812
"Greece","Boys",2012,5,116.4607234,114.8579824,118.0157333,0.816291187
"Greece","Boys",2012,6,122.9808863,121.7636522,124.1465123,0.608634478
"Greece","Boys",2012,7,128.9628782,127.9644002,129.9387335,0.505995906
"Greece","Boys",2012,8,134.5321366,133.602704,135.4421587,0.469517202
"Greece","Boys",2012,9,139.8141904,138.9247577,140.7210892,0.459743273
"Greece","Boys",2012,10,144.9250261,144.0533011,145.8194182,0.452897656
"Greece","Boys",2012,11,150.0592377,149.213629,150.9372718,0.448757558
"Greece","Boys",2012,12,155.7946611,154.9186162,156.7051237,0.453813691
"Greece","Boys",2012,13,162.3535283,161.4620184,163.2765333,0.463212189
"Greece","Boys",2012,14,168.396063,167.4557906,169.3514146,0.479639236
"Greece","Boys",2012,15,172.5798558,171.6056441,173.5634587,0.499519408
"Greece","Boys",2012,16,175.1413733,174.1349743,176.1680551,0.525485899
"Greece","Boys",2012,17,176.6519341,175.5957953,177.7449946,0.554160986
"Greece","Boys",2012,18,177.5000479,176.3801519,178.6296789,0.581914437
"Greece","Boys",2012,19,178.1216391,176.7062644,179.6011091,0.741163286
"Greece","Boys",2013,5,116.5518244,114.9768331,118.0868919,0.795730198
"Greece","Boys",2013,6,123.046723,121.8710378,124.1986783,0.595790277
"Greece","Boys",2013,7,129.0127622,128.0270229,129.9932631,0.504627583
"Greece","Boys",2013,8,134.5773712,133.6670673,135.5226114,0.477327004
"Greece","Boys",2013,9,139.8659875,138.9525745,140.8105456,0.474195296
"Greece","Boys",2013,10,145.00414,144.0873669,145.9678117,0.473731298
"Greece","Boys",2013,11,150.1915224,149.2847265,151.153134,0.472743416
"Greece","Boys",2013,12,155.9575573,155.0328409,156.9204063,0.479434857
"Greece","Boys",2013,13,162.5642314,161.6333095,163.5526637,0.492018736
"Greece","Boys",2013,14,168.6355504,167.6551979,169.6420015,0.505768407
"Greece","Boys",2013,15,172.8216986,171.8058564,173.858064,0.524854177
"Greece","Boys",2013,16,175.3383352,174.2836947,176.4245757,0.549813662
"Greece","Boys",2013,17,176.7800551,175.6761992,177.9368611,0.578629698
"Greece","Boys",2013,18,177.5822695,176.4154315,178.7673989,0.605626162
"Greece","Boys",2013,19,178.1604455,176.7076577,179.6634481,0.76019937
"Greece","Boys",2014,5,116.6540024,115.0744619,118.1781104,0.793071796
"Greece","Boys",2014,6,123.137824,121.9804216,124.2877867,0.600701959
"Greece","Boys",2014,7,129.0785989,128.071824,130.0997871,0.519995142
"Greece","Boys",2014,8,134.6272551,133.6784905,135.6277481,0.50074852
"Greece","Boys",2014,9,139.9112221,138.9418073,140.9279698,0.501267803
"Greece","Boys",2014,10,145.0559371,144.08865,146.0790733,0.503334817
"Greece","Boys",2014,11,150.2706363,149.2926559,151.3024733,0.505739557
"Greece","Boys",2014,12,156.089842,155.1020103,157.128872,0.51304491
"Greece","Boys",2014,13,162.7271276,161.7038519,163.8006892,0.525706458
"Greece","Boys",2014,14,168.8462535,167.8057404,169.9352104,0.540967269
"Greece","Boys",2014,15,173.061186,172.0030871,174.1601176,0.556316741
"Greece","Boys",2014,16,175.580178,174.4726987,176.7469082,0.580289661
"Greece","Boys",2014,17,176.9770169,175.8182576,178.2059394,0.607922885
"Greece","Boys",2014,18,177.7103905,176.4824779,178.9541411,0.633834805
"Greece","Boys",2014,19,178.2426671,176.7519054,179.8053298,0.782147505
"Greece","Boys",2015,5,116.7622687,115.1500643,118.3379732,0.815306155
"Greece","Boys",2015,6,123.2400019,122.0287819,124.4557802,0.629797396
"Greece","Boys",2015,7,129.1696999,128.085335,130.2555692,0.555653204
"Greece","Boys",2015,8,134.6930918,133.6549344,135.7734738,0.540763551
"Greece","Boys",2015,9,139.961106,138.916086,141.070235,0.542548415
"Greece","Boys",2015,10,145.1011717,144.0492467,146.2103128,0.543797051
"Greece","Boys",2015,11,150.3224333,149.2556594,151.4463614,0.545775513
"Greece","Boys",2015,12,156.1689559,155.0994678,157.292116,0.553809697
"Greece","Boys",2015,13,162.8594123,161.7689394,164.010359,0.565400794
"Greece","Boys",2015,14,169.0091497,167.8752481,170.1732699,0.579645856
"Greece","Boys",2015,15,173.2718891,172.1489423,174.4406232,0.595119876
"Greece","Boys",2015,16,175.8196653,174.634113,177.0336596,0.614790373
"Greece","Boys",2015,17,177.2188597,175.9929407,178.5298153,0.641471
"Greece","Boys",2015,18,177.9073524,176.6146061,179.2452036,0.665617063
"Greece","Boys",2015,19,178.3707881,176.8177911,179.9739867,0.805572118
"Greece","Boys",2016,5,116.8753882,115.2015217,118.5671661,0.86709979
"Greece","Boys",2016,6,123.3482683,122.0338845,124.6830668,0.688532288
"Greece","Boys",2016,7,129.2718778,128.0935017,130.4763393,0.614554369
"Greece","Boys",2016,8,134.7841928,133.6200775,135.9907103,0.597834074
"Greece","Boys",2016,9,140.0269427,138.8713469,141.2308534,0.597724946
"Greece","Boys",2016,10,145.1510556,143.9902681,146.3540732,0.596130758
"Greece","Boys",2016,11,150.367668,149.1958536,151.5677313,0.594557285
"Greece","Boys",2016,12,156.220753,155.0559416,157.4385714,0.599915603
"Greece","Boys",2016,13,162.9385262,161.7629555,164.1659834,0.610479858
"Greece","Boys",2016,14,169.1414344,167.9428908,170.410505,0.622688247
"Greece","Boys",2016,15,173.4347853,172.2111405,174.703061,0.636361124
"Greece","Boys",2016,16,176.0303684,174.7865116,177.3154295,0.65505574
"Greece","Boys",2016,17,177.4583471,176.1493396,178.8165702,0.677534436
"Greece","Boys",2016,18,178.1491952,176.7879825,179.5488755,0.700828284
"Greece","Boys",2016,19,178.5677499,176.9684876,180.2071342,0.832121366
"Greece","Boys",2017,5,116.9946516,115.1235901,118.8884364,0.950563778
"Greece","Boys",2017,6,123.4613878,121.970738,124.979216,0.776783597
"Greece","Boys",2017,7,129.3801442,128.0449101,130.7754071,0.699488818
"Greece","Boys",2017,8,134.8863708,133.6062691,136.2476314,0.673293532
"Greece","Boys",2017,9,140.1180437,138.8341569,141.4566508,0.666119555
"Greece","Boys",2017,10,145.2168923,143.9536743,146.5576075,0.659874266
"Greece","Boys",2017,11,150.4175519,149.1517585,151.7290879,0.653124816
"Greece","Boys",2017,12,156.2659876,154.9927831,157.5886365,0.652938343
"Greece","Boys",2017,13,162.9903233,161.715179,164.3317753,0.659550724
"Greece","Boys",2017,14,169.2205483,167.95198,170.560589,0.669742531
"Greece","Boys",2017,15,173.56707,172.2592379,174.9269904,0.680715888
"Greece","Boys",2017,16,176.1932646,174.8546227,177.5715745,0.696750905
"Greece","Boys",2017,17,177.6690502,176.2951616,179.1077089,0.717909095
"Greece","Boys",2017,18,178.3886825,176.9569687,179.8606675,0.737788335
"Greece","Boys",2017,19,178.8095927,177.1488641,180.4929584,0.862001233
"Greece","Boys",2018,5,117.1137259,115.0518794,119.207331,1.063627586
"Greece","Boys",2018,6,123.5806511,121.86651,125.3301759,0.893004506
"Greece","Boys",2018,7,129.4932637,127.9406074,131.0977021,0.808078296
"Greece","Boys",2018,8,134.9946371,133.5194406,136.5264935,0.769713517
"Greece","Boys",2018,9,140.2202216,138.8084757,141.7151135,0.749173855
"Greece","Boys",2018,10,145.3079933,143.8997503,146.7960242,0.734069361
"Greece","Boys",2018,11,150.4833886,149.1012782,151.9691779,0.721287069
"Greece","Boys",2018,12,156.3158715,154.9351814,157.7418277,0.714147258
"Greece","Boys",2018,13,163.0355579,161.6512396,164.4773563,0.7141334
"Greece","Boys",2018,14,169.2723453,167.9019167,170.7135986,0.719757152
"Greece","Boys",2018,15,173.6461839,172.2581821,175.0954433,0.728165419
"Greece","Boys",2018,16,176.3255493,174.8880111,177.8061557,0.740695715
"Greece","Boys",2018,17,177.8319464,176.365904,179.3681249,0.75858868
"Greece","Boys",2018,18,178.5993856,177.0802638,180.17092,0.777632274
"Greece","Boys",2018,19,179.0490801,177.3482531,180.803329,0.894046066
"Greece","Boys",2019,5,117.2322907,114.9123813,119.5943242,1.20208469
"Greece","Boys",2019,6,123.6997255,121.707643,125.7294503,1.033533304
"Greece","Boys",2019,7,129.612527,127.8292746,131.4773135,0.938844829
"Greece","Boys",2019,8,135.1077566,133.4259779,136.8621534,0.885260809
"Greece","Boys",2019,9,140.328488,138.7349246,142.0261657,0.849777433
"Greece","Boys",2019,10,145.4101712,143.8533278,147.0557539,0.820631147
"Greece","Boys",2019,11,150.5744896,149.0409564,152.1870309,0.79803235
"Greece","Boys",2019,12,156.3817082,154.884099,157.9659782,0.783740657
"Greece","Boys",2019,13,163.0854418,161.5950511,164.6189617,0.775715414
"Greece","Boys",2019,14,169.31758,167.8371329,170.8633029,0.774246016
"Greece","Boys",2019,15,173.697981,172.2223255,175.2411241,0.777782033
"Greece","Boys",2019,16,176.4046632,174.8910578,177.9636262,0.787184832
"Greece","Boys",2019,17,177.9642311,176.4027551,179.5722838,0.800957714
"Greece","Boys",2019,18,178.7622819,177.1489276,180.3854502,0.817148955
"Greece","Boys",2019,19,179.2597832,177.4665089,181.1053779,0.928247842
"Greece","Girls",1985,5,115.0191807,112.5388144,117.4137658,1.255142733
"Greece","Girls",1985,6,121.1721114,119.0141509,123.2605441,1.087957626
"Greece","Girls",1985,7,126.7585453,124.7808694,128.6595157,0.995456841
"Greece","Girls",1985,8,132.0722054,130.1981294,133.8774941,0.946280065
"Greece","Girls",1985,9,137.4061569,135.5786406,139.1222682,0.920942903
"Greece","Girls",1985,10,143.0395777,141.2449687,144.7468946,0.909231173
"Greece","Girls",1985,11,148.9896234,147.2000353,150.7093245,0.908494488
"Greece","Girls",1985,12,154.2422724,152.4257091,156.0102548,0.920277857
"Greece","Girls",1985,13,157.8204854,155.926939,159.654281,0.942983114
"Greece","Girls",1985,14,159.9309063,157.9777257,161.8371973,0.97772157
"Greece","Girls",1985,15,161.0352325,158.972971,163.0128162,1.024332309
"Greece","Girls",1985,16,161.4829997,159.3341747,163.5485435,1.073765919
"Greece","Girls",1985,17,161.588638,159.3585737,163.7590072,1.110580292
"Greece","Girls",1985,18,161.6711419,159.4471322,163.8673805,1.137464606
"Greece","Girls",1985,19,162.034608,159.7288427,164.3708439,1.187999352
"Greece","Girls",1986,5,115.1431531,112.6758246,117.5110114,1.24781079
"Greece","Girls",1986,6,121.3125574,119.1718868,123.3792176,1.078489607
"Greece","Girls",1986,7,126.9106244,124.9631973,128.8052917,0.982697391
"Greece","Girls",1986,8,132.2370542,130.3909638,134.0120697,0.931263338
"Greece","Girls",1986,9,137.5821919,135.7893801,139.2895583,0.901910649
"Greece","Girls",1986,10,143.2255904,141.4599094,144.8944746,0.886773409
"Greece","Girls",1986,11,149.1849939,147.4520327,150.8429416,0.881008284
"Greece","Girls",1986,12,154.4453347,152.6862286,156.1434874,0.886380462
"Greece","Girls",1986,13,158.030139,156.2467546,159.7616813,0.90252147
"Greece","Girls",1986,14,160.1447809,158.2925064,161.9397669,0.92931223
"Greece","Girls",1986,15,161.2600942,159.3106608,163.1344536,0.967590237
"Greece","Girls",1986,16,161.7112997,159.6770848,163.6505092,1.008272473
"Greece","Girls",1986,17,161.8164274,159.7245173,163.835363,1.036274357
"Greece","Girls",1986,18,161.8985719,159.82324,163.9544781,1.053934921
"Greece","Girls",1986,19,162.2636533,160.1165478,164.4142164,1.098436274
"Greece","Girls",1987,5,115.2441517,112.8151411,117.5978098,1.2392231
"Greece","Girls",1987,6,121.4365298,119.3071679,123.4764946,1.06910259
"Greece","Girls",1987,7,127.0510704,125.1248058,128.9142374,0.971294666
"Greece","Girls",1987,8,132.3891333,130.5719392,134.141789,0.916737263
"Greece","Girls",1987,9,137.7470406,135.9964936,139.4306475,0.885142524
"Greece","Girls",1987,10,143.4016253,141.6694781,145.0413749,0.865932556
"Greece","Girls",1987,11,149.3710065,147.6633138,150.9799258,0.856626504
"Greece","Girls",1987,12,154.6407052,152.9299395,156.2724906,0.856932426
"Greece","Girls",1987,13,158.2332014,156.5150921,159.8954048,0.86681116
"Greece","Girls",1987,14,160.3544345,158.6063093,162.0595125,0.887251036
"Greece","Girls",1987,15,161.4739687,159.6368473,163.2379297,0.917767474
"Greece","Girls",1987,16,161.9361613,160.0130847,163.7393309,0.950353866
"Greece","Girls",1987,17,162.0447274,160.0802146,163.9183308,0.969263846
"Greece","Girls",1987,18,162.1263613,160.1706725,164.0168701,0.977662276
"Greece","Girls",1987,19,162.4910833,160.4773619,164.4830799,1.015806957
"Greece","Girls",1988,5,115.3284371,112.9244422,117.6632115,1.229410851
"Greece","Girls",1988,6,121.5375284,119.4359562,123.5606816,1.058435998
"Greece","Girls",1988,7,127.1750428,125.2726846,128.9947183,0.95997474
"Greece","Girls",1988,8,132.5295793,130.7338536,134.2615016,0.903582077
"Greece","Girls",1988,9,137.8991198,136.1837264,139.5428633,0.869000319
"Greece","Girls",1988,10,143.5664741,141.8859471,145.1815359,0.847451662
"Greece","Girls",1988,11,149.5470415,147.8748585,151.1405984,0.833937658
"Greece","Girls",1988,12,154.8267179,153.170069,156.4161485,0.830649033
"Greece","Girls",1988,13,158.4285719,156.7572373,160.0314608,0.835546813
"Greece","Girls",1988,14,160.5574968,158.8694136,162.1952758,0.849924241
"Greece","Girls",1988,15,161.6836223,159.9373403,163.3600176,0.874398398
"Greece","Girls",1988,16,162.1500359,160.343059,163.863105,0.899372459
"Greece","Girls",1988,17,162.269589,160.4057842,164.0095974,0.909952901
"Greece","Girls",1988,18,162.3546612,160.5025147,164.1151817,0.90899328
"Greece","Girls",1988,19,162.7188727,160.8384882,164.5731601,0.940967384
"Greece","Girls",1989,5,115.3963179,113.0083926,117.7179228,1.218476954
"Greece","Girls",1989,6,121.6218139,119.546782,123.638111,1.046473078
"Greece","Girls",1989,7,127.2760414,125.3824322,129.0831726,0.947430337
"Greece","Girls",1989,8,132.6535517,130.8971978,134.3462648,0.890520779
"Greece","Girls",1989,9,138.0395657,136.3598202,139.6656146,0.854216674
"Greece","Girls",1989,10,143.7185532,142.0927934,145.2881254,0.829716527
"Greece","Girls",1989,11,149.7118902,148.0945987,151.2635554,0.813692351
"Greece","Girls",1989,12,155.0027528,153.3920338,156.538853,0.806173131
"Greece","Girls",1989,13,158.6145845,156.9772247,160.1612977,0.807475601
"Greece","Girls",1989,14,160.7528673,159.1211256,162.3234983,0.817026693
"Greece","Girls",1989,15,161.8866847,160.2072104,163.4929056,0.835769488
"Greece","Girls",1989,16,162.3596895,160.6179506,163.9897514,0.85501306
"Greece","Girls",1989,17,162.4834635,160.7417788,164.1156092,0.857760101
"Greece","Girls",1989,18,162.5795229,160.8681717,164.216904,0.848347762
"Greece","Girls",1989,19,162.9471726,161.1786775,164.6442063,0.874555646
"Greece","Girls",1990,5,115.4477372,113.0673568,117.7362132,1.205111185
"Greece","Girls",1990,6,121.6896946,119.6511363,123.6684664,1.033175571
"Greece","Girls",1990,7,127.3603268,125.5183873,129.1349261,0.933569816
"Greece","Girls",1990,8,132.7545503,131.032623,134.4235722,0.876311485
"Greece","Girls",1990,9,138.1635381,136.5194617,139.7709308,0.8395406
"Greece","Girls",1990,10,143.8589992,142.2618657,145.4082667,0.813323126
"Greece","Girls",1990,11,149.8639694,148.2966744,151.3707982,0.794284028
"Greece","Girls",1990,12,155.1676016,153.6110217,156.6634099,0.784223881
"Greece","Girls",1990,13,158.7906195,157.2263601,160.2868714,0.781340518
"Greece","Girls",1990,14,160.93888,159.3690927,162.4489761,0.7873226
"Greece","Girls",1990,15,162.0820551,160.4572651,163.6201048,0.801537809
"Greece","Girls",1990,16,162.5627518,160.8912401,164.1279854,0.815489763
"Greece","Girls",1990,17,162.6931171,161.0516954,164.252205,0.812492491
"Greece","Girls",1990,18,162.7933974,161.1830898,164.3193092,0.795248022
"Greece","Girls",1990,19,163.1720342,161.5267144,164.7506784,0.816892156
"Greece","Girls",1991,5,115.4845786,113.1276032,117.7361793,1.190624956
"Greece","Girls",1991,6,121.7411139,119.7134411,123.6892797,1.017150083
"Greece","Girls",1991,7,127.4282076,125.6153884,129.1830705,0.918221933
"Greece","Girls",1991,8,132.8388358,131.1493674,134.4986426,0.860811945
"Greece","Girls",1991,9,138.2645368,136.6548775,139.8450198,0.82375619
"Greece","Girls",1991,10,143.9829716,142.4243281,145.499511,0.797082003
"Greece","Girls",1991,11,150.0044154,148.48148,151.4702397,0.776218403
"Greece","Girls",1991,12,155.3196807,153.8229481,156.7757544,0.763177981
"Greece","Girls",1991,13,158.9554683,157.453998,160.4051431,0.757836009
"Greece","Girls",1991,14,161.1149149,159.5853119,162.5601791,0.75970035
"Greece","Girls",1991,15,162.2680678,160.7194882,163.7339948,0.770486156
"Greece","Girls",1991,16,162.7581223,161.161378,164.2496971,0.780391665
"Greece","Girls",1991,17,162.8961795,161.31696,164.3672649,0.772333078
"Greece","Girls",1991,18,163.003051,161.4820302,164.4218719,0.749569731
"Greece","Girls",1991,19,163.3859088,161.8461568,164.8745837,0.767619185
"Greece","Girls",1992,5,115.5091747,113.1853289,117.7175471,1.175541259
"Greece","Girls",1992,6,121.7779553,119.7966984,123.6979068,0.999828614
"Greece","Girls",1992,7,127.4796269,125.6863583,129.2048076,0.899968007
"Greece","Girls",1992,8,132.9067165,131.2593436,134.5076348,0.843754103
"Greece","Girls",1992,9,138.3488222,136.7554208,139.9053705,0.806733981
"Greece","Girls",1992,10,144.0839703,142.5704098,145.5754451,0.779757868
"Greece","Girls",1992,11,150.1283878,148.6457188,151.5523388,0.758406992
"Greece","Girls",1992,12,155.4601267,153.9977256,156.857501,0.743500699
"Greece","Girls",1992,13,159.1075474,157.6454998,160.5240125,0.735283855
"Greece","Girls",1992,14,161.2797637,159.8177787,162.6912336,0.734815625
"Greece","Girls",1992,15,162.4441028,160.9609212,163.8425429,0.741689837
"Greece","Girls",1992,16,162.944135,161.4016241,164.3720725,0.748518848
"Greece","Girls",1992,17,163.09155,161.5912656,164.5057549,0.736827238
"Greece","Girls",1992,18,163.2061134,161.7909249,164.5892356,0.709521246
"Greece","Girls",1992,19,163.5955624,162.1261412,165.0118119,0.726458702
"Greece","Girls",1993,5,115.5264701,113.2377923,117.715689,1.158939845
"Greece","Girls",1993,6,121.8025514,119.8645265,123.669963,0.981847213
"Greece","Girls",1993,7,127.5164683,125.7694356,129.1904046,0.880268878
"Greece","Girls",1993,8,132.9581358,131.3335587,134.5300096,0.823721967
"Greece","Girls",1993,9,138.416703,136.8902697,139.9327232,0.788161245
"Greece","Girls",1993,10,144.1682557,142.6804783,145.6293642,0.761252054
"Greece","Girls",1993,11,150.2293864,148.7928611,151.6332369,0.739567487
"Greece","Girls",1993,12,155.5840991,154.1469072,156.9369773,0.724200978
"Greece","Girls",1993,13,159.2479934,157.8437734,160.6228592,0.714160433
"Greece","Girls",1993,14,161.4318428,160.0178024,162.8071162,0.710905713
"Greece","Girls",1993,15,162.6089515,161.1771527,163.9652853,0.715725646
"Greece","Girls",1993,16,163.1201699,161.6688456,164.4893085,0.719135696
"Greece","Girls",1993,17,163.2775626,161.8520509,164.6521753,0.704742969
"Greece","Girls",1993,18,163.4014839,162.0399515,164.7221643,0.674673012
"Greece","Girls",1993,19,163.7986248,162.3951238,165.1440108,0.691791858
"Greece","Girls",1994,5,115.5421798,113.2738464,117.7111418,1.141564547
"Greece","Girls",1994,6,121.8198468,119.9097863,123.6402968,0.96223807
"Greece","Girls",1994,7,127.5410644,125.8442316,129.1733662,0.859798399
"Greece","Girls",1994,8,132.9949772,131.4082688,134.5264784,0.802161754
"Greece","Girls",1994,9,138.4681223,136.9851763,139.9238885,0.766611995
"Greece","Girls",1994,10,144.2361364,142.7935079,145.6637316,0.741268691
"Greece","Girls",1994,11,150.3136718,148.9162967,151.6965999,0.7195862
"Greece","Girls",1994,12,155.6850977,154.2902168,157.0116001,0.703964278
"Greece","Girls",1994,13,159.3719658,158.008633,160.693315,0.693513783
"Greece","Girls",1994,14,161.5722888,160.2096503,162.9030952,0.688533912
"Greece","Girls",1994,15,162.7610307,161.3783583,164.1000362,0.690732246
"Greece","Girls",1994,16,163.2850187,161.8889331,164.6186691,0.692732137
"Greece","Girls",1994,17,163.4535976,162.0810192,164.7609075,0.675459754
"Greece","Girls",1994,18,163.5874965,162.2956654,164.8544711,0.643699334
"Greece","Girls",1994,19,163.9939952,162.6586865,165.2894839,0.66324404
"Greece","Girls",1995,5,115.5614987,113.3291887,117.6879703,1.122913512
"Greece","Girls",1995,6,121.8355565,119.9649846,123.6084174,0.94172084
"Greece","Girls",1995,7,127.5583598,125.9076706,129.151915,0.837736631
"Greece","Girls",1995,8,133.0195733,131.4787158,134.5046732,0.779754913
"Greece","Girls",1995,9,138.5049637,137.0479163,139.9059484,0.743534892
"Greece","Girls",1995,10,144.2875558,142.8997199,145.6665676,0.718347835
"Greece","Girls",1995,11,150.3815526,149.0326227,151.7236085,0.698251199
"Greece","Girls",1995,12,155.7693832,154.4303267,157.0770831,0.682608056
"Greece","Girls",1995,13,159.4729644,158.1459089,160.7495539,0.672055172
"Greece","Girls",1995,14,161.6962612,160.3943004,162.9782909,0.666724119
"Greece","Girls",1995,15,162.9014767,161.5707596,164.1956175,0.667442898
"Greece","Girls",1995,16,163.4370978,162.104725,164.7281697,0.66732333
"Greece","Girls",1995,17,163.6184464,162.3054462,164.87958,0.649461069
"Greece","Girls",1995,18,163.7635315,162.5144793,164.9519535,0.6158925
"Greece","Girls",1995,19,164.1800079,162.9028365,165.4286269,0.639340144
"Greece","Girls",1996,5,115.5898253,113.4141922,117.6969076,1.103500898
"Greece","Girls",1996,6,121.8548754,120.0508876,123.5883736,0.919961144
"Greece","Girls",1996,7,127.5740695,125.969459,129.1294307,0.814799879
"Greece","Girls",1996,8,133.0368687,131.5287505,134.4842274,0.755897449
"Greece","Girls",1996,9,138.5295598,137.1108334,139.9120425,0.719646224
"Greece","Girls",1996,10,144.3243971,142.9759657,145.6541207,0.693970798
"Greece","Girls",1996,11,150.4329719,149.1208535,151.7169737,0.674049208
"Greece","Girls",1996,12,155.8372639,154.5332755,157.1166107,0.660068324
"Greece","Girls",1996,13,159.5572499,158.2797641,160.8096104,0.649482328
"Greece","Girls",1996,14,161.7972598,160.5337163,163.0484288,0.644300675
"Greece","Girls",1996,15,163.0254491,161.7523093,164.2803163,0.644813271
"Greece","Girls",1996,16,163.5775438,162.2969046,164.8400766,0.643817813
"Greece","Girls",1996,17,163.7705255,162.5165431,164.9904035,0.624598228
"Greece","Girls",1996,18,163.9283802,162.733965,165.0950129,0.591927261
"Greece","Girls",1996,19,164.3560429,163.1250294,165.5715893,0.619024297
"Greece","Girls",1997,5,115.6278185,113.4729661,117.702806,1.084074541
"Greece","Girls",1997,6,121.8832021,120.1336634,123.5900967,0.897385052
"Greece","Girls",1997,7,127.5933884,126.0375534,129.1007929,0.790743316
"Greece","Girls",1997,8,133.0525784,131.6072348,134.4537027,0.73133791
"Greece","Girls",1997,9,138.5468552,137.1827438,139.8839221,0.694475621
"Greece","Girls",1997,10,144.3489933,143.0427591,145.6332601,0.668893333
"Greece","Girls",1997,11,150.4698133,149.2140059,151.7215648,0.648515278
"Greece","Girls",1997,12,155.8886833,154.6271074,157.1181326,0.634785763
"Greece","Girls",1997,13,159.6251306,158.3918859,160.8440814,0.62593172
"Greece","Girls",1997,14,161.8815453,160.6612579,163.0877503,0.620774271
"Greece","Girls",1997,15,163.1264477,161.8974634,164.3494186,0.621887136
"Greece","Girls",1997,16,163.7015162,162.4717604,164.9129081,0.621113114
"Greece","Girls",1997,17,163.9109715,162.7225865,165.0855108,0.601835056
"Greece","Girls",1997,18,164.0804594,162.9405251,165.2049201,0.56944613
"Greece","Girls",1997,19,164.5208916,163.322737,165.7139018,0.60318542
"Greece","Girls",1998,5,115.6740345,113.5667235,117.7016972,1.063942802
"Greece","Girls",1998,6,121.9211952,120.2149089,123.5748799,0.874580592
"Greece","Girls",1998,7,127.621715,126.1171815,129.0994684,0.765862787
"Greece","Girls",1998,8,133.0718973,131.6916537,134.423743,0.705858151
"Greece","Girls",1998,9,138.5625648,137.2523996,139.8419937,0.668836867
"Greece","Girls",1998,10,144.3662886,143.1046226,145.5999996,0.642731721
"Greece","Girls",1998,11,150.4944094,149.2745922,151.7055896,0.622415518
"Greece","Girls",1998,12,155.9255246,154.7314033,157.0967493,0.608341437
"Greece","Girls",1998,13,159.6765499,158.4921738,160.8482019,0.599834147
"Greece","Girls",1998,14,161.949426,160.776653,163.1118865,0.596515541
"Greece","Girls",1998,15,163.2107331,162.0359946,164.3907989,0.597924324
"Greece","Girls",1998,16,163.8025148,162.6281463,164.986652,0.598536289
"Greece","Girls",1998,17,164.0349439,162.8848024,165.1818711,0.580035928
"Greece","Girls",1998,18,164.2209054,163.1276776,165.3100115,0.549235012
"Greece","Girls",1998,19,164.6729708,163.5145068,165.8463605,0.589456325
"Greece","Girls",1999,5,115.7235112,113.6688728,117.7234329,1.042732588
"Greece","Girls",1999,6,121.9674112,120.2916896,123.594092,0.851113748
"Greece","Girls",1999,7,127.6597082,126.2216321,129.0986307,0.740611538
"Greece","Girls",1999,8,133.1002239,131.7770315,134.3990412,0.67967362
"Greece","Girls",1999,9,138.5818838,137.3226718,139.8150838,0.642520818
"Greece","Girls",1999,10,144.3819983,143.1579427,145.5700786,0.61638911
"Greece","Girls",1999,11,150.5117048,149.3354644,151.6718922,0.595492005
"Greece","Girls",1999,12,155.9501207,154.8082752,157.077813,0.581551158
"Greece","Girls",1999,13,159.7133913,158.5933794,160.8365296,0.572782523
"Greece","Girls",1999,14,162.0008454,160.8882385,163.1202643,0.570020843
"Greece","Girls",1999,15,163.2786139,162.1562324,164.4084856,0.573537548
"Greece","Girls",1999,16,163.8868003,162.7529232,165.0100701,0.575130628
"Greece","Girls",1999,17,164.1359425,163.0273599,165.2379647,0.558873054
"Greece","Girls",1999,18,164.3448778,163.2921641,165.4047047,0.530222324
"Greece","Girls",1999,19,164.8134167,163.6754489,165.9542812,0.577826529
"Greece","Girls",2000,5,115.7737157,113.7466447,117.7454837,1.02046356
"Greece","Girls",2000,6,122.0168879,120.3692469,123.6059749,0.826625784
"Greece","Girls",2000,7,127.7059242,126.2991552,129.0797884,0.714830468
"Greece","Girls",2000,8,133.1382171,131.8715873,134.3920824,0.653088238
"Greece","Girls",2000,9,138.6102104,137.4063825,139.7939155,0.615787478
"Greece","Girls",2000,10,144.4013172,143.2313623,145.5405611,0.589695672
"Greece","Girls",2000,11,150.5274145,149.3991599,151.6314665,0.568749032
"Greece","Girls",2000,12,155.9674161,154.8870156,157.0601014,0.554302406
"Greece","Girls",2000,13,159.7379874,158.6633615,160.8033216,0.545765974
"Greece","Girls",2000,14,162.0376867,160.9703408,163.110389,0.542865567
"Greece","Girls",2000,15,163.3300332,162.2502653,164.4162322,0.547398059
"Greece","Girls",2000,16,163.954681,162.8766771,165.0309789,0.551739737
"Greece","Girls",2000,17,164.220228,163.159162,165.2958452,0.537304172
"Greece","Girls",2000,18,164.4458764,163.4413212,165.4693417,0.51249005
"Greece","Girls",2000,19,164.9373891,163.8418697,166.0439312,0.567580364
"Greece","Girls",2001,5,115.8247863,113.8316738,117.7463446,0.997564689
"Greece","Girls",2001,6,122.0670925,120.4776655,123.5901387,0.801090857
"Greece","Girls",2001,7,127.7554009,126.3929613,129.0659086,0.688166319
"Greece","Girls",2001,8,133.1844331,131.9679508,134.3964845,0.626253134
"Greece","Girls",2001,9,138.6482036,137.4999411,139.7765211,0.588717763
"Greece","Girls",2001,10,144.4296439,143.3176533,145.5096904,0.562997559
"Greece","Girls",2001,11,150.5467334,149.469269,151.6086792,0.542129876
"Greece","Girls",2001,12,155.9831258,154.9429773,157.0311114,0.527689414
"Greece","Girls",2001,13,159.7552828,158.7503128,160.773697,0.518789357
"Greece","Girls",2001,14,162.0622828,161.0599087,163.0982202,0.516288559
"Greece","Girls",2001,15,163.3668746,162.3598242,164.3970122,0.521048985
"Greece","Girls",2001,16,164.0061004,162.988023,165.0440855,0.527276808
"Greece","Girls",2001,17,164.2881087,163.2694156,165.3153167,0.516381221
"Greece","Girls",2001,18,164.5301618,163.5666893,165.5243937,0.495181938
"Greece","Girls",2001,19,165.0383878,163.9478371,166.1246317,0.559138212
"Greece","Girls",2002,5,115.8786079,113.9347606,117.7533079,0.973440491
"Greece","Girls",2002,6,122.1181631,120.5708047,123.5874561,0.774954694
"Greece","Girls",2002,7,127.8056054,126.5126634,129.0663908,0.660636429
"Greece","Girls",2002,8,133.2339098,132.0649704,134.3983173,0.598824198
"Greece","Girls",2002,9,138.6944196,137.5974116,139.7739683,0.561835821
"Greece","Girls",2002,10,144.4676371,143.401463,145.503463,0.5361499
"Greece","Girls",2002,11,150.57506,149.557885,151.5847167,0.515988962
"Greece","Girls",2002,12,156.0024447,155.0135152,156.9939036,0.501815261
"Greece","Girls",2002,13,159.7709925,158.8159635,160.7454142,0.493002489
"Greece","Girls",2002,14,162.0795782,161.1278971,163.0633275,0.490398893
"Greece","Girls",2002,15,163.3914707,162.4271924,164.3870076,0.495953496
"Greece","Girls",2002,16,164.0429417,163.070582,165.0324936,0.503252805
"Greece","Girls",2002,17,164.339528,163.3760032,165.3244169,0.495226318
"Greece","Girls",2002,18,164.5980426,163.679347,165.5615787,0.47939761
"Greece","Girls",2002,19,165.1226732,164.069757,166.2008774,0.552308944
"Greece","Girls",2003,5,115.9331977,114.0573068,117.7470195,0.94863159
"Greece","Girls",2003,6,122.1719846,120.6847674,123.5932031,0.747639549
"Greece","Girls",2003,7,127.8566761,126.6044125,129.0846762,0.632638751
"Greece","Girls",2003,8,133.2841143,132.1632888,134.3990116,0.570941552
"Greece","Girls",2003,9,138.7438962,137.6916318,139.7729928,0.534823246
"Greece","Girls",2003,10,144.513853,143.5038464,145.5068648,0.510039704
"Greece","Girls",2003,11,150.6130532,149.6510057,151.5653079,0.490058602
"Greece","Girls",2003,12,156.0307714,155.0928351,156.9820209,0.477009901
"Greece","Girls",2003,13,159.7903114,158.8630325,160.71893,0.468666365
"Greece","Girls",2003,14,162.0952879,161.1814824,163.0242336,0.466362368
"Greece","Girls",2003,15,163.4087661,162.480654,164.355629,0.472320667
"Greece","Girls",2003,16,164.0675378,163.1318584,165.0307376,0.481234547
"Greece","Girls",2003,17,164.3763694,163.4425475,165.3182416,0.475379037
"Greece","Girls",2003,18,164.6494619,163.7541974,165.5688031,0.464405013
"Greece","Girls",2003,19,165.190554,164.150375,166.2596543,0.547773729
"Greece","Girls",2004,5,115.9820474,114.1522958,117.7529821,0.923230128
"Greece","Girls",2004,6,122.2265745,120.8117044,123.5993128,0.719866372
"Greece","Girls",2004,7,127.9104976,126.7316575,129.0725987,0.603759009
"Greece","Girls",2004,8,133.335185,132.2851387,134.3856929,0.542960255
"Greece","Girls",2004,9,138.7941008,137.7926064,139.7706675,0.507982185
"Greece","Girls",2004,10,144.5633297,143.5993435,145.5083825,0.484395904
"Greece","Girls",2004,11,150.6592692,149.7485474,151.5680748,0.465484059
"Greece","Girls",2004,12,156.0687645,155.1839272,156.9639003,0.452992496
"Greece","Girls",2004,13,159.818638,158.9477068,160.7040438,0.446131038
"Greece","Girls",2004,14,162.1146068,161.2499593,162.995389,0.444619318
"Greece","Girls",2004,15,163.4244758,162.5428874,164.3237689,0.451281118
"Greece","Girls",2004,16,164.0848332,163.1899115,165.0095355,0.461449063
"Greece","Girls",2004,17,164.4009655,163.5092862,165.3095409,0.458305901
"Greece","Girls",2004,18,164.6863033,163.8138035,165.5926621,0.451734698
"Greece","Girls",2004,19,165.2419733,164.2087215,166.3208452,0.544779691
"Greece","Girls",2005,5,116.0188397,114.2391094,117.7446721,0.898310635
"Greece","Girls",2005,6,122.2754241,120.900548,123.6086687,0.691679401
"Greece","Girls",2005,7,127.9650874,126.8560344,129.0762883,0.574980904
"Greece","Girls",2005,8,133.3890065,132.3999083,134.393528,0.514746781
"Greece","Girls",2005,9,138.8451714,137.9037645,139.7823789,0.481703671
"Greece","Girls",2005,10,144.6135343,143.7095041,145.5033368,0.459747953
"Greece","Girls",2005,11,150.7087459,149.8345677,151.5645275,0.442057662
"Greece","Girls",2005,12,156.1149805,155.2686096,156.9658467,0.431068465
"Greece","Girls",2005,13,159.8566312,159.0182874,160.7064027,0.425166835
"Greece","Girls",2005,14,162.1429335,161.3099227,163.0005241,0.42552172
"Greece","Girls",2005,15,163.4437947,162.6010811,164.2990238,0.433491819
"Greece","Girls",2005,16,164.1005429,163.2255269,164.9859318,0.444910865
"Greece","Girls",2005,17,164.4182609,163.5641414,165.3110928,0.444060562
"Greece","Girls",2005,18,164.7108994,163.8537213,165.5909988,0.442479343
"Greece","Girls",2005,19,165.2788147,164.2255152,166.3536275,0.544431299
"Greece","Girls",2006,5,116.0407793,114.3304725,117.7150561,0.873019305
"Greece","Girls",2006,6,122.3122164,121.0085014,123.5975078,0.664743703
"Greece","Girls",2006,7,128.0139371,126.9357976,129.0788952,0.546347693
"Greece","Girls",2006,8,133.4435963,132.5067745,134.3982216,0.487592975
"Greece","Girls",2006,9,138.898993,138.0052857,139.792479,0.456156764
"Greece","Girls",2006,10,144.6646049,143.8005387,145.5173543,0.436563775
"Greece","Girls",2006,11,150.7589504,149.9257809,151.5764759,0.420629321
"Greece","Girls",2006,12,156.1644572,155.3708434,156.9729628,0.411063346
"Greece","Girls",2006,13,159.9028472,159.1044641,160.7187234,0.407167211
"Greece","Girls",2006,14,162.1809266,161.3793738,163.000277,0.408889484
"Greece","Girls",2006,15,163.4721213,162.649667,164.3063544,0.419169599
"Greece","Girls",2006,16,164.1198618,163.2792486,164.974809,0.432515755
"Greece","Girls",2006,17,164.4339706,163.6004028,165.3120201,0.433516703
"Greece","Girls",2006,18,164.7281948,163.8903008,165.5935258,0.436119384
"Greece","Girls",2006,19,165.3034108,164.2498685,166.390722,0.546820573
"Greece","Girls",2007,5,116.0498458,114.4078665,117.6938886,0.847960829
"Greece","Girls",2007,6,122.334156,121.0617251,123.5581484,0.638467576
"Greece","Girls",2007,7,128.0507294,127.0193094,129.0634439,0.51998163
"Greece","Girls",2007,8,133.492446,132.5997699,134.402752,0.461608785
"Greece","Girls",2007,9,138.9535828,138.1075177,139.8032027,0.432899239
"Greece","Girls",2007,10,144.7184265,143.9080201,145.5363397,0.415292706
"Greece","Girls",2007,11,150.810021,150.0071301,151.604423,0.401706498
"Greece","Girls",2007,12,156.2146618,155.4491042,156.9972538,0.394105961
"Greece","Girls",2007,13,159.9523239,159.1981103,160.735979,0.391894162
"Greece","Girls",2007,14,162.2271426,161.4505447,163.0188735,0.396072845
"Greece","Girls",2007,15,163.5101145,162.7119269,164.3308687,0.408104932
"Greece","Girls",2007,16,164.1481885,163.3301242,165.0007037,0.42415708
"Greece","Girls",2007,17,164.4532895,163.6242008,165.3130676,0.427800908
"Greece","Girls",2007,18,164.7439045,163.9036299,165.5923743,0.433404993
"Greece","Girls",2007,19,165.3207062,164.2508764,166.4035301,0.550747536
"Greece","Girls",2008,5,116.034426,114.4236499,117.6556786,0.82311401
"Greece","Girls",2008,6,122.3432225,121.1322114,123.5288907,0.613579004
"Greece","Girls",2008,7,128.072669,127.1003468,129.0449988,0.495844154
"Greece","Girls",2008,8,133.5292383,132.6801476,134.3887219,0.439244687
"Greece","Girls",2008,9,139.0024324,138.2000063,139.8178872,0.412097257
"Greece","Girls",2008,10,144.7730163,144.0100778,145.5519724,0.397686354
"Greece","Girls",2008,11,150.8638426,150.1090131,151.6132993,0.385967335
"Greece","Girls",2008,12,156.2657324,155.5108096,157.0174798,0.380702696
"Greece","Girls",2008,13,160.0025284,159.2660877,160.7651509,0.380526961
"Greece","Girls",2008,14,162.2766193,161.5233492,163.0657275,0.38668614
"Greece","Girls",2008,15,163.5563305,162.7695325,164.3642823,0.401415634
"Greece","Girls",2008,16,164.1861816,163.3660086,165.0367142,0.419513496
"Greece","Girls",2008,17,164.4816161,163.6611046,165.3402254,0.426283029
"Greece","Girls",2008,18,164.7632234,163.9115726,165.6246952,0.435481867
"Greece","Girls",2008,19,165.3364159,164.2801846,166.4258035,0.556786431
"Greece","Girls",2009,5,116.0001146,114.4406962,117.5680252,0.798838722
"Greece","Girls",2009,6,122.3278027,121.1653056,123.4697024,0.590242424
"Greece","Girls",2009,7,128.0817355,127.1502403,129.0183443,0.474892352
"Greece","Girls",2009,8,133.5511779,132.731074,134.3834023,0.421183122
"Greece","Girls",2009,9,139.0392248,138.2644826,139.8201668,0.39645088
"Greece","Girls",2009,10,144.8218659,144.0776987,145.5649299,0.383841785
"Greece","Girls",2009,11,150.9184324,150.188644,151.6338136,0.375259815
"Greece","Girls",2009,12,156.3195539,155.5883875,157.0465112,0.371622664
"Greece","Girls",2009,13,160.0535991,159.3278222,160.801918,0.373547995
"Greece","Girls",2009,14,162.3268239,161.584309,163.1065949,0.381706211
"Greece","Girls",2009,15,163.6058072,162.8394961,164.4130595,0.398547625
"Greece","Girls",2009,16,164.2323976,163.4114025,165.0857926,0.419372554
"Greece","Girls",2009,17,164.5196093,163.688357,165.3791875,0.428564773
"Greece","Girls",2009,18,164.79155,163.9216818,165.6650659,0.441197741
"Greece","Girls",2009,19,165.3557348,164.2792472,166.462584,0.565874916
"Greece","Girls",2010,5,115.9513038,114.4445868,117.486238,0.777058714
"Greece","Girls",2010,6,122.2934913,121.1725492,123.4123373,0.569223488
"Greece","Girls",2010,7,128.0663157,127.1971868,128.9698024,0.45761108
"Greece","Girls",2010,8,133.5602444,132.7712375,134.3599493,0.40846259
"Greece","Girls",2010,9,139.0611644,138.3040103,139.8290219,0.387203244
"Greece","Girls",2010,10,144.8586582,144.1313856,145.5979929,0.376413856
"Greece","Girls",2010,11,150.9672821,150.2472052,151.6843333,0.369406218
"Greece","Girls",2010,12,156.3741438,155.6591289,157.0960664,0.368535435
"Greece","Girls",2010,13,160.1074206,159.3926802,160.8413994,0.371603889
"Greece","Girls",2010,14,162.3778945,161.641659,163.1508139,0.381520166
"Greece","Girls",2010,15,163.6560117,162.8872122,164.4621975,0.400137535
"Greece","Girls",2010,16,164.2818743,163.471632,165.1501682,0.423028189
"Greece","Girls",2010,17,164.5658253,163.720126,165.4289362,0.435157453
"Greece","Girls",2010,18,164.8295432,163.9389177,165.7195057,0.450158329
"Greece","Girls",2010,19,165.3840614,164.2891108,166.5125448,0.576838759
"Greece","Girls",2011,5,115.8917825,114.4336931,117.4087514,0.75967321
"Greece","Girls",2011,6,122.2446805,121.1774663,123.3463284,0.552910586
"Greece","Girls",2011,7,128.0320043,127.1705203,128.9117866,0.445248512
"Greece","Girls",2011,8,133.5448246,132.7647014,134.3337837,0.401642573
"Greece","Girls",2011,9,139.0702309,138.3218434,139.8292763,0.384969705
"Greece","Girls",2011,10,144.8805979,144.1427933,145.6241559,0.376830369
"Greece","Girls",2011,11,151.0040744,150.2926829,151.7175327,0.370550253
"Greece","Girls",2011,12,156.4229934,155.6982749,157.1463411,0.370848051
"Greece","Girls",2011,13,160.1620105,159.4406191,160.9129265,0.375881817
"Greece","Girls",2011,14,162.431716,161.6834861,163.2081296,0.386385715
"Greece","Girls",2011,15,163.7070823,162.9239787,164.5152738,0.406403319
"Greece","Girls",2011,16,164.3320789,163.5071328,165.1997539,0.430846702
"Greece","Girls",2011,17,164.615302,163.7442576,165.4944559,0.445191696
"Greece","Girls",2011,18,164.8757592,163.9657965,165.7866937,0.462832728
"Greece","Girls",2011,19,165.4220546,164.2920525,166.5773462,0.589581285
"Greece","Girls",2012,5,115.8271844,114.3811204,117.3189269,0.748129448
"Greece","Girls",2012,6,122.1851593,121.1236343,123.2696541,0.543853511
"Greece","Girls",2012,7,127.9831935,127.1120225,128.8563076,0.440410988
"Greece","Girls",2012,8,133.5105132,132.7357485,134.3134153,0.402096789
"Greece","Girls",2012,9,139.054811,138.2778138,139.8319325,0.389811553
"Greece","Girls",2012,10,144.8896644,144.125811,145.6414462,0.384897316
"Greece","Girls",2012,11,151.026014,150.2808015,151.76626,0.379999474
"Greece","Girls",2012,12,156.4597857,155.7112606,157.2110716,0.379934264
"Greece","Girls",2012,13,160.2108601,159.4599638,160.9753979,0.385454082
"Greece","Girls",2012,14,162.4863059,161.7079008,163.2729368,0.397008864
"Greece","Girls",2012,15,163.7609039,162.9479193,164.5887711,0.417023025
"Greece","Girls",2012,16,164.3831495,163.5352888,165.2673573,0.442888786
"Greece","Girls",2012,17,164.6655065,163.7665302,165.5716485,0.459020041
"Greece","Girls",2012,18,164.9252359,163.9795034,165.8736606,0.478297289
"Greece","Girls",2012,19,165.4682706,164.3139574,166.6593943,0.604782512
"Greece","Girls",2013,5,115.7621723,114.3297322,117.242223,0.744782428
"Greece","Girls",2013,6,122.1205611,121.0530881,123.2038754,0.544182795
"Greece","Girls",2013,7,127.9236722,127.050761,128.8105148,0.445707148
"Greece","Girls",2013,8,133.4617024,132.6486939,134.2819693,0.411752074
"Greece","Girls",2013,9,139.0204997,138.2161953,139.8244168,0.402838101
"Greece","Girls",2013,10,144.8742445,144.0853963,145.6656431,0.399985577
"Greece","Girls",2013,11,151.0350805,150.2553784,151.8063071,0.396803071
"Greece","Girls",2013,12,156.4817253,155.7145432,157.2709378,0.396852285
"Greece","Girls",2013,13,160.2476524,159.4756479,161.0435956,0.401061327
"Greece","Girls",2013,14,162.5351555,161.7352872,163.3652981,0.412315626
"Greece","Girls",2013,15,163.8154937,162.9748871,164.6815598,0.432512545
"Greece","Girls",2013,16,164.4369711,163.5455044,165.339516,0.458190682
"Greece","Girls",2013,17,164.7165772,163.7865558,165.6546041,0.476501477
"Greece","Girls",2013,18,164.9754404,163.9860786,165.952675,0.497237239
"Greece","Girls",2013,19,165.5177473,164.3244011,166.7481348,0.621735575
"Greece","Girls",2014,5,115.6978339,114.2520865,117.1992354,0.751421515
"Greece","Girls",2014,6,122.055549,120.9811,123.1761443,0.556189069
"Greece","Girls",2014,7,127.8590741,126.9486698,128.7891731,0.462932037
"Greece","Girls",2014,8,133.4021812,132.5702012,134.2585756,0.432218369
"Greece","Girls",2014,9,138.9716889,138.1380845,139.8205676,0.424893132
"Greece","Girls",2014,10,144.8399331,143.999356,145.6663565,0.422898714
"Greece","Girls",2014,11,151.0196607,150.1843588,151.8493235,0.419911875
"Greece","Girls",2014,12,156.4907918,155.663133,157.3186405,0.420213462
"Greece","Girls",2014,13,160.269592,159.4544278,161.1222628,0.423529461
"Greece","Girls",2014,14,162.5719478,161.7263076,163.4441315,0.432688342
"Greece","Girls",2014,15,163.8643434,162.9840538,164.7682617,0.451820866
"Greece","Girls",2014,16,164.4915609,163.5489602,165.4333786,0.477353515
"Greece","Girls",2014,17,164.7703987,163.7965233,165.7410543,0.496089903
"Greece","Girls",2014,18,165.026511,163.9973346,166.0610611,0.519074269
"Greece","Girls",2014,19,165.5679518,164.3320545,166.8530531,0.641654867
"Greece","Girls",2015,5,115.6316783,114.1545218,117.1669496,0.769247732
"Greece","Girls",2015,6,121.9912107,120.872337,123.1483093,0.581112968
"Greece","Girls",2015,7,127.794062,126.8353569,128.7835031,0.493179218
"Greece","Girls",2015,8,133.337583,132.4360818,134.2594866,0.4641611
"Greece","Girls",2015,9,138.9121676,138.0051481,139.8057901,0.45657942
"Greece","Girls",2015,10,144.7911224,143.8833531,145.6841964,0.453814668
"Greece","Girls",2015,11,150.9853493,150.0978903,151.8797438,0.4499049
"Greece","Girls",2015,12,156.475372,155.594278,157.3614341,0.448864753
"Greece","Girls",2015,13,160.2786585,159.4006387,161.1785981,0.451357071
"Greece","Girls",2015,14,162.5938874,161.6943448,163.5106588,0.458773531
"Greece","Girls",2015,15,163.9011357,162.963597,164.8497867,0.475206983
"Greece","Girls",2015,16,164.5404105,163.5485944,165.5197125,0.499444855
"Greece","Girls",2015,17,164.8249886,163.8004778,165.8477772,0.518508653
"Greece","Girls",2015,18,165.0803326,164.0145697,166.1714118,0.541933045
"Greece","Girls",2015,19,165.6190224,164.3501697,166.9464026,0.66362172
"Greece","Girls",2016,5,115.5626837,113.996194,117.144544,0.80038608
"Greece","Girls",2016,6,121.925055,120.728684,123.1853439,0.619631369
"Greece","Girls",2016,7,127.7297237,126.6881641,128.8112982,0.536217426
"Greece","Girls",2016,8,133.2725709,132.2847713,134.2987664,0.507657362
"Greece","Girls",2016,9,138.8475695,137.8633782,139.8319606,0.497940421
"Greece","Girls",2016,10,144.7316011,143.7536843,145.6987211,0.492741251
"Greece","Girls",2016,11,150.9365385,149.9869592,151.9041913,0.486826012
"Greece","Girls",2016,12,156.4410606,155.4919042,157.3961769,0.483344283
"Greece","Girls",2016,13,160.2632387,159.3161432,161.2245151,0.483427753
"Greece","Girls",2016,14,162.6029539,161.6518231,163.5862973,0.489233827
"Greece","Girls",2016,15,163.9230753,162.9340288,164.9314383,0.503167044
"Greece","Girls",2016,16,164.5772028,163.5382287,165.6039771,0.524718802
"Greece","Girls",2016,17,164.8738382,163.8002324,165.9540501,0.542996176
"Greece","Girls",2016,18,165.1349224,164.0207075,166.2957711,0.56664371
"Greece","Girls",2016,19,165.672844,164.3517708,167.0429833,0.68586908
"Greece","Girls",2017,5,115.4924673,113.8481909,117.178503,0.844515706
"Greece","Girls",2017,6,121.8560604,120.5584557,123.2217367,0.672128153
"Greece","Girls",2017,7,127.663568,126.4906981,128.8477578,0.59169954
"Greece","Girls",2017,8,133.2082326,132.1022962,134.3477375,0.561751262
"Greece","Girls",2017,9,138.7825574,137.6947135,139.8745872,0.548969194
"Greece","Girls",2017,10,144.667003,143.5953968,145.729536,0.539658863
"Greece","Girls",2017,11,150.8770172,149.8367834,151.9225495,0.530282056
"Greece","Girls",2017,12,156.3922499,155.3831768,157.4197179,0.523811782
"Greece","Girls",2017,13,160.2289273,159.2084664,161.2514038,0.520416802
"Greece","Girls",2017,14,162.5875341,161.5576759,163.644258,0.523050781
"Greece","Girls",2017,15,163.9321418,162.8900536,165.0033271,0.534714963
"Greece","Girls",2017,16,164.5991425,163.5019785,165.6830809,0.553547145
"Greece","Girls",2017,17,164.9106305,163.7807112,166.0425914,0.569901395
"Greece","Girls",2017,18,165.1837721,164.0229137,166.3806485,0.592686532
"Greece","Girls",2017,19,165.7274338,164.3608367,167.1379439,0.709142177
"Greece","Girls",2018,5,115.4227857,113.6572248,117.2084831,0.901854749
"Greece","Girls",2018,6,121.7858441,120.346593,123.2814968,0.737194083
"Greece","Girls",2018,7,127.5945734,126.3046084,128.9154488,0.658819585
"Greece","Girls",2018,8,133.1420769,131.8910799,134.3826844,0.625988662
"Greece","Girls",2018,9,138.718219,137.5236827,139.9312093,0.608635999
"Greece","Girls",2018,10,144.6019908,143.4365918,145.7991213,0.594837587
"Greece","Girls",2018,11,150.8124191,149.6925056,151.9517266,0.580466831
"Greece","Girls",2018,12,156.3327286,155.23288,157.4686512,0.569641315
"Greece","Girls",2018,13,160.1801165,159.0930045,161.2892427,0.562594796
"Greece","Girls",2018,14,162.5532227,161.4615883,163.6701092,0.561043857
"Greece","Girls",2018,15,163.916722,162.8102066,165.0605091,0.568964184
"Greece","Girls",2018,16,164.608209,163.4646608,165.7588206,0.585311244
"Greece","Girls",2018,17,164.9325701,163.7549261,166.1288862,0.599489862
"Greece","Girls",2018,18,165.2205644,164.0024742,166.4804599,0.620531376
"Greece","Girls",2018,19,165.7762834,164.3560915,167.2527418,0.733240085
"Greece","Girls",2019,5,115.3530666,113.4552533,117.2705888,0.970840412
"Greece","Girls",2019,6,121.7161624,120.1142895,123.3641154,0.81442944
"Greece","Girls",2019,7,127.524357,126.0678129,128.9925376,0.736193887
"Greece","Girls",2019,8,133.0730823,131.6953675,134.442801,0.699518118
"Greece","Girls",2019,9,138.6520634,137.3174392,139.9992196,0.676796543
"Greece","Girls",2019,10,144.5376525,143.2586651,145.8533314,0.657325259
"Greece","Girls",2019,11,150.747407,149.4941169,152.0167551,0.637937019
"Greece","Girls",2019,12,156.2681304,155.0665918,157.4871539,0.621303461
"Greece","Girls",2019,13,160.1205953,158.9567402,161.3161441,0.609284184
"Greece","Girls",2019,14,162.504412,161.3436348,163.7016549,0.603573706
"Greece","Girls",2019,15,163.8824106,162.7168142,165.0854031,0.606773666
"Greece","Girls",2019,16,164.5927891,163.3762145,165.8147694,0.619239622
"Greece","Girls",2019,17,164.9416366,163.6811129,166.1947776,0.631382427
"Greece","Girls",2019,18,165.242504,163.9545471,166.5626441,0.650426603
"Greece","Girls",2019,19,165.8130758,164.3376126,167.3428177,0.758698911
